"Sample","AvgDistance","Type"
"TCGA-37-4129-01A-01R-1100-07",0.104320894101898,"TP"
"TCGA-37-4130-01A-01R-1100-07",0.0873864166119875,"TP"
"TCGA-21-5782-01A-01R-1635-07",0.0836016087837864,"TP"
"TCGA-22-1005-01A-01R-A96U-41",0.080672603416106,"TP"
"TCGA-18-4083-01A-01R-A96U-41",0.0801267632030458,"TP"
"TCGA-33-4589-01A-01R-1443-07",0.0780884236824073,"TP"
"TCGA-22-1017-01A-01R-A96U-41",0.076817465392664,"TP"
"TCGA-66-2754-01A-01R-0980-07",0.0757814477801227,"TP"
"TCGA-21-1082-01A-01R-A96U-41",0.0748835405877841,"TP"
"TCGA-37-5819-01A-01R-1635-07",0.0748201880843055,"TP"
"TCGA-56-8083-01A-11R-2247-07",0.0723153364342099,"TP"
"TCGA-85-8352-01A-31R-2326-07",0.0722504683100727,"TP"
"TCGA-37-4135-01A-01R-1100-07",0.0719445212859384,"TP"
"TCGA-90-A4ED-01A-31R-A24Z-07",0.0716316428096425,"TP"
"TCGA-85-A4PA-01A-11R-A24Z-07",0.0711542725989746,"TP"
"TCGA-63-A5MY-01A-11R-A26W-07",0.0710484295919053,"TP"
"TCGA-22-1016-01A-01R-A96U-41",0.070911494254656,"TP"
"TCGA-66-2756-01A-01R-0851-07",0.0706772680998723,"TP"
"TCGA-6A-AB49-01A-12R-A405-07",0.0701967964448011,"TP"
"TCGA-56-7223-01A-11R-2045-07",0.069749869469865,"TP"
"TCGA-22-1002-01A-01R-A96U-41",0.0695342291827327,"TP"
"TCGA-77-7335-11A-01R-2045-07",0.0691344512502446,"NT"
"TCGA-21-1070-01A-01R-A96U-41",0.068179478156448,"TP"
"TCGA-63-A5MW-01A-11R-A26W-07",0.0681409034786969,"TP"
"TCGA-O2-A5IB-01A-11R-A27Q-07",0.0671465159074291,"TP"
"TCGA-92-7340-11A-01R-2045-07",0.0670081638101671,"NT"
"TCGA-LA-A7SW-01A-11R-A405-07",0.0668899406702522,"TP"
"TCGA-39-5040-11A-01R-2125-07",0.0667205597863123,"NT"
"TCGA-22-5481-01A-31R-1949-07",0.066212645139787,"TP"
"TCGA-NC-A5HG-01A-11R-A26W-07",0.0661648836329718,"TP"
"TCGA-56-7222-11A-01R-2045-07",0.066152252203476,"NT"
"TCGA-56-8082-11A-01R-2247-07",0.0657842353609816,"NT"
"TCGA-77-7338-11A-01R-2045-07",0.0657692072151574,"NT"
"TCGA-NK-A5D1-01A-11R-A26W-07",0.0656966347200612,"TP"
"TCGA-56-8083-11A-01R-2247-07",0.0655562278608252,"NT"
"TCGA-NC-A5HH-01A-11R-A26W-07",0.0654121463020468,"TP"
"TCGA-37-4141-01A-02R-1100-07",0.0654063082830317,"TP"
"TCGA-43-7658-11A-01R-2125-07",0.0652034390687442,"NT"
"TCGA-37-A5EL-01A-11R-A26W-07",0.0650398522394916,"TP"
"TCGA-21-1081-01A-01R-A96U-41",0.0649610754288116,"TP"
"TCGA-85-8070-01A-11R-2247-07",0.0648059595214786,"TP"
"TCGA-39-5037-01A-01R-1443-07",0.0648001219600801,"TP"
"TCGA-56-7731-11A-01R-2125-07",0.0645393067626986,"NT"
"TCGA-85-A4QR-01A-11R-A24Z-07",0.0645133844020959,"TP"
"TCGA-21-1071-01A-01R-A96U-41",0.0644900883334803,"TP"
"TCGA-77-7142-11A-01R-2045-07",0.0643669051894271,"NT"
"TCGA-56-8309-11A-01R-2296-07",0.0643163679531092,"NT"
"TCGA-39-5040-01A-21R-2125-07",0.0640348888452277,"TP"
"TCGA-60-2709-11A-01R-1820-07",0.0636565163621568,"NT"
"TCGA-37-4132-01A-01R-1100-07",0.0636288667676905,"TP"
"TCGA-33-4587-01A-11R-2125-07",0.063604963182562,"TP"
"TCGA-56-8201-11A-01R-2247-07",0.0634024464025659,"NT"
"TCGA-33-AASB-01A-11R-A405-07",0.0633454623606162,"TP"
"TCGA-43-7658-01A-11R-2125-07",0.0632674620364584,"TP"
"TCGA-85-6560-01A-11R-1820-07",0.0631617407026544,"TP"
"TCGA-22-5491-11A-01R-1858-07",0.0631612606836433,"NT"
"TCGA-56-7579-11A-01R-2045-07",0.063101190672675,"NT"
"TCGA-77-7337-11A-01R-2045-07",0.0630677733901699,"NT"
"TCGA-33-6737-11A-01R-1820-07",0.0630318177221814,"NT"
"TCGA-21-1078-01A-01R-0692-07",0.0629588758582376,"TP"
"TCGA-46-6026-01A-11R-1820-07",0.0629463961940819,"TP"
"TCGA-33-4533-01A-01R-1201-07",0.0628079756494479,"TP"
"TCGA-90-6837-11A-01R-1949-07",0.062740169401835,"NT"
"TCGA-43-6647-11A-01R-1820-07",0.0626781186164818,"NT"
"TCGA-43-6771-11A-01R-1820-07",0.0626688270217614,"NT"
"TCGA-NC-A5HK-01A-11R-A26W-07",0.0626336044075969,"TP"
"TCGA-22-5478-11A-11R-1635-07",0.062614057476605,"NT"
"TCGA-85-A510-01A-11R-A26W-07",0.0625199261811076,"TP"
"TCGA-22-4609-11A-01R-2125-07",0.0623460583767512,"NT"
"TCGA-NC-A5HT-01A-11R-A26W-07",0.062258940937795,"TP"
"TCGA-22-5471-11A-01R-1635-07",0.0622067574030824,"NT"
"TCGA-43-5670-11A-01R-2125-07",0.0620439832484247,"NT"
"TCGA-43-3394-11A-01R-1758-07",0.0619223390569454,"NT"
"TCGA-33-AASD-01A-11R-A405-07",0.0618959122480213,"TP"
"TCGA-56-8623-11A-01R-A28V-07",0.061855732020837,"NT"
"TCGA-39-5034-01A-01R-1443-07",0.0618270767614353,"TP"
"TCGA-33-4587-11A-01R-2125-07",0.0617467529422808,"NT"
"TCGA-56-7730-11A-01R-2125-07",0.0616899875081745,"NT"
"TCGA-51-4079-11A-01R-1758-07",0.0616541900607169,"NT"
"TCGA-85-7950-01A-11R-2187-07",0.0616273055537686,"TP"
"TCGA-77-7138-11A-01R-2045-07",0.0613154267632014,"NT"
"TCGA-56-8623-01A-11R-A28V-07",0.0609686065478669,"TP"
"TCGA-56-7580-11A-01R-2045-07",0.0609554203575007,"NT"
"TCGA-90-7767-11A-01R-2125-07",0.0609423399966382,"NT"
"TCGA-56-8307-01A-11R-2296-07",0.0607123754504624,"TP"
"TCGA-22-5482-11A-01R-1635-07",0.0606423057523498,"NT"
"TCGA-43-6773-11A-01R-1949-07",0.0605487204630465,"NT"
"TCGA-56-A4BX-01A-11R-A24H-07",0.060436934946798,"TP"
"TCGA-85-7710-11A-01R-2125-07",0.0602511335564119,"NT"
"TCGA-46-3769-01A-01R-0980-07",0.0600953961460281,"TP"
"TCGA-18-3410-01A-01R-0980-07",0.0600126406784729,"TP"
"TCGA-77-7140-01A-41R-2045-07",0.0599193977107783,"TP"
"TCGA-33-4566-01A-01R-1443-07",0.0596698724545664,"TP"
"TCGA-85-8479-01A-11R-2326-07",0.0594948249894608,"TP"
"TCGA-34-8454-11A-01R-2326-07",0.0594557792427174,"NT"
"TCGA-43-7657-11A-01R-2125-07",0.0592825004295098,"NT"
"TCGA-NK-A5CT-01A-31R-A26W-07",0.0591975402344861,"TP"
"TCGA-22-5481-11A-01R-1949-07",0.059120189081275,"NT"
"TCGA-MF-A522-01A-11R-A262-07",0.0590696412871586,"TP"
"TCGA-43-5668-01A-01R-1635-07",0.0590237165145539,"TP"
"TCGA-NC-A5HN-01A-11R-A26W-07",0.0589439008882985,"TP"
"TCGA-77-8143-01A-11R-2247-07",0.05889215929256,"TP"
"TCGA-22-5489-11A-01R-1635-07",0.0588483132354721,"NT"
"TCGA-60-2714-01A-01R-0851-07",0.0585520779610843,"TP"
"TCGA-58-A46M-01A-11R-A24H-07",0.058538267476728,"TP"
"TCGA-70-6723-01A-11R-1820-07",0.0584712750387536,"TP"
"TCGA-56-7582-11A-01R-2045-07",0.0584493516601396,"NT"
"TCGA-85-8664-01A-11R-2403-07",0.0583100356880054,"TP"
"TCGA-43-6143-11A-01R-1820-07",0.0582859178118492,"NT"
"TCGA-58-8386-11A-01R-2296-07",0.0582487624819342,"NT"
"TCGA-O2-A52Q-01A-11R-A26W-07",0.0582026332269639,"TP"
"TCGA-22-4593-11A-01R-1820-07",0.0581810177829877,"NT"
"TCGA-22-5483-11A-11R-1820-07",0.0581100338530321,"NT"
"TCGA-56-7823-11A-01R-2247-07",0.0580466281783288,"NT"
"TCGA-43-6771-01A-11R-1820-07",0.0580225070657533,"TP"
"TCGA-51-4080-11A-01R-1758-07",0.0579865951952877,"NT"
"TCGA-22-4594-01A-01R-1201-07",0.0576846895585644,"TP"
"TCGA-66-2793-01A-01R-1201-07",0.0576305591308601,"TP"
"TCGA-77-8009-01A-11R-2187-07",0.0575599056972449,"TP"
"TCGA-85-8071-01A-11R-2247-07",0.0575439221839132,"TP"
"TCGA-33-4582-01A-01R-1443-07",0.0575338160241134,"TP"
"TCGA-85-A513-01A-12R-A26W-07",0.0573888623725504,"TP"
"TCGA-33-AASL-01A-11R-A405-07",0.0573504736435485,"TP"
"TCGA-51-4081-11A-01R-1758-07",0.0573475749842567,"NT"
"TCGA-18-3406-01A-01R-0980-07",0.0572018060035668,"TP"
"TCGA-63-A5MU-01A-11R-A26W-07",0.0572002577954718,"TP"
"TCGA-22-5472-11A-11R-1635-07",0.0570102484266548,"NT"
"TCGA-18-3408-01A-01R-0980-07",0.0569791707086344,"TP"
"TCGA-56-7221-01A-11R-2045-07",0.056807175079173,"TP"
"TCGA-43-2581-01A-01R-0851-07",0.0566909359216826,"TP"
"TCGA-39-5011-01A-01R-1443-07",0.0565728763527919,"TP"
"TCGA-34-7107-11A-01R-1949-07",0.0565210477079111,"NT"
"TCGA-37-4133-01A-01R-1100-07",0.0564273224231641,"TP"
"TCGA-85-A4QQ-01A-41R-A262-07",0.0563670881267302,"TP"
"TCGA-37-3783-01A-01R-1201-07",0.0562972257788374,"TP"
"TCGA-21-1075-01A-01R-0692-07",0.0562384673890742,"TP"
"TCGA-34-5234-01A-01R-1635-07",0.0562135659677438,"TP"
"TCGA-77-8144-01A-11R-2247-07",0.0562047375816549,"TP"
"TCGA-18-3416-01A-01R-0980-07",0.0561525139321285,"TP"
"TCGA-43-A474-01A-11R-A24H-07",0.0560824661433843,"TP"
"TCGA-60-2726-01A-01R-0851-07",0.0560472842057117,"TP"
"TCGA-NK-A7XE-01A-12R-A405-07",0.0560258483853933,"TP"
"TCGA-34-5927-01A-11R-1820-07",0.0559812227619119,"TP"
"TCGA-63-A5MH-01A-12R-A27Q-07",0.0559597166778269,"TP"
"TCGA-33-AASJ-01A-11R-A405-07",0.0559467038557347,"TP"
"TCGA-NC-A5HR-01A-21R-A26W-07",0.0559421175393742,"TP"
"TCGA-60-2724-01A-01R-0851-07",0.0559206766625388,"TP"
"TCGA-60-2706-01A-01R-0851-07",0.0558877904058963,"TP"
"TCGA-56-7823-01B-11R-2247-07",0.055871238946572,"TP"
"TCGA-58-A46N-01A-11R-A24H-07",0.0558147161335266,"TP"
"TCGA-33-4583-01A-01R-1443-07",0.055738307656648,"TP"
"TCGA-NC-A5HI-01A-11R-A26W-07",0.0557228875865059,"TP"
"TCGA-37-3792-01A-01R-0980-07",0.0556855057629672,"TP"
"TCGA-60-2716-01A-01R-0851-07",0.0556701290070708,"TP"
"TCGA-66-2778-01A-02R-0851-07",0.0556256747934567,"TP"
"TCGA-43-6143-01A-11R-1820-07",0.0555693347901376,"TP"
"TCGA-NC-A5HF-01A-11R-A26W-07",0.0554930674693199,"TP"
"TCGA-77-8008-11A-01R-2187-07",0.0554591970720616,"NT"
"TCGA-77-6842-01A-11R-1949-07",0.0553268429774973,"TP"
"TCGA-43-5670-01A-21R-2125-07",0.0552574399095691,"TP"
"TCGA-NC-A5HD-01A-11R-A26W-07",0.0551822889522284,"TP"
"TCGA-51-4080-01A-01R-1100-07",0.0550562958979628,"TP"
"TCGA-43-3920-01A-01R-0980-07",0.0550512147670062,"TP"
"TCGA-21-1079-01A-01R-0692-07",0.0549722781382621,"TP"
"TCGA-18-3419-01A-01R-0980-07",0.0548136693258396,"TP"
"TCGA-22-1017-01A-01R-0692-07",0.0547765052948883,"TP"
"TCGA-66-2785-01A-01R-0851-07",0.0547301311828363,"TP"
"TCGA-52-7810-01A-11R-2125-07",0.0547272367156332,"TP"
"TCGA-77-8007-11A-01R-2187-07",0.0547014157040397,"NT"
"TCGA-96-A4JL-01A-11R-A24Z-07",0.054492890571425,"TP"
"TCGA-98-A53J-01A-11R-A26W-07",0.0544693581880165,"TP"
"TCGA-34-2600-01A-01R-0851-07",0.0544349579959599,"TP"
"TCGA-77-A5GH-01A-11R-A27Q-07",0.0543610908203936,"TP"
"TCGA-90-7767-01A-11R-2125-07",0.0543570191994171,"TP"
"TCGA-43-2576-01A-01R-A32Z-07",0.0543349581005721,"TP"
"TCGA-33-6738-01A-11R-1949-07",0.0543228090029226,"TP"
"TCGA-85-A5B5-01A-21R-A26W-07",0.0541633520752067,"TP"
"TCGA-21-1083-01A-01R-0692-07",0.0541492223582618,"TP"
"TCGA-O2-A52S-01A-11R-A262-07",0.0540732601039817,"TP"
"TCGA-56-7579-01A-11R-2045-07",0.0540701544592164,"TP"
"TCGA-94-7033-01A-11R-1949-07",0.0540195654926368,"TP"
"TCGA-94-8490-01A-11R-2326-07",0.0538851028964338,"TP"
"TCGA-85-A512-01A-11R-A26W-07",0.0538542765810428,"TP"
"TCGA-L3-A524-01A-11R-A262-07",0.0537661000246274,"TP"
"TCGA-NC-A5HO-01A-11R-A26W-07",0.0536625586773998,"TP"
"TCGA-98-A53D-01A-32R-A262-07",0.0536331855612574,"TP"
"TCGA-18-3421-01A-01R-0980-07",0.0536183857039007,"TP"
"TCGA-22-1005-01A-01R-0692-07",0.0535545417282139,"TP"
"TCGA-O2-A52W-01A-11R-A26W-07",0.0534840984473845,"TP"
"TCGA-56-7730-01A-11R-2125-07",0.0534792989635549,"TP"
"TCGA-NC-A5HL-01A-11R-A26W-07",0.0533661064926826,"TP"
"TCGA-98-A53C-01A-11R-A262-07",0.0533165580177416,"TP"
"TCGA-22-A5C4-01A-12R-A27Q-07",0.0533023980502277,"TP"
"TCGA-O2-A52N-01A-11R-A26W-07",0.053233522733398,"TP"
"TCGA-85-8584-01A-11R-2403-07",0.0531032025856349,"TP"
"TCGA-43-7657-01A-31R-2125-07",0.0530742003927832,"TP"
"TCGA-43-A56U-01A-11R-A26W-07",0.0530619624030468,"TP"
"TCGA-77-A5FZ-01A-31R-A27Q-07",0.0529536738906237,"TP"
"TCGA-77-6843-01A-11R-1949-07",0.0529338807207926,"TP"
"TCGA-85-A50Z-01A-21R-A262-07",0.0529270751894921,"TP"
"TCGA-60-2720-01A-01R-0851-07",0.0528939672949595,"TP"
"TCGA-90-7769-01A-11R-2125-07",0.0528700208695058,"TP"
"TCGA-77-7139-01A-11R-2045-07",0.0528672357614146,"TP"
"TCGA-33-6737-01A-11R-1820-07",0.0528617118849656,"TP"
"TCGA-21-5787-01A-01R-1635-07",0.0528016210633585,"TP"
"TCGA-56-8082-01A-11R-2247-07",0.0527620104343672,"TP"
"TCGA-85-6798-01A-11R-1949-07",0.0527509882198068,"TP"
"TCGA-66-2755-01A-01R-0851-07",0.0527454479973809,"TP"
"TCGA-34-5231-01A-21R-1820-07",0.0526936377370128,"TP"
"TCGA-33-AASI-01A-22R-A405-07",0.052691580929698,"TP"
"TCGA-90-A59Q-01A-11R-A26W-07",0.0525766457392153,"TP"
"TCGA-NK-A5CR-01A-11R-A26W-07",0.0524991977818355,"TP"
"TCGA-77-7463-01A-11R-2045-07",0.0524771834889686,"TP"
"TCGA-18-3409-01A-01R-0980-07",0.0524598926977432,"TP"
"TCGA-21-A5DI-01A-31R-A26W-07",0.0524561325863934,"TP"
"TCGA-21-5783-01A-41R-2187-07",0.0524300681874401,"TP"
"TCGA-34-A5IX-01A-12R-A27Q-07",0.0523398614507376,"TP"
"TCGA-56-A62T-01A-11R-A405-07",0.0523143198621584,"TP"
"TCGA-37-A5EN-01A-21R-A26W-07",0.0522448516150647,"TP"
"TCGA-66-2768-01A-01R-0851-07",0.0522263611081916,"TP"
"TCGA-58-8388-01A-11R-2326-07",0.0522158876513034,"TP"
"TCGA-77-8139-01A-11R-2247-07",0.0522143783210486,"TP"
"TCGA-52-7809-01A-21R-2125-07",0.0521728987566934,"TP"
"TCGA-63-5131-01A-01R-1443-07",0.0520905752748415,"TP"
"TCGA-77-7138-01A-41R-2045-07",0.0520535728065223,"TP"
"TCGA-77-6845-01A-11R-1949-07",0.0520284345028747,"TP"
"TCGA-22-5483-01A-01R-1820-07",0.0518868346003734,"TP"
"TCGA-63-6202-01A-11R-1820-07",0.0518514403314119,"TP"
"TCGA-63-A5MN-01A-22R-A27Q-07",0.0518493822213636,"TP"
"TCGA-63-A5MI-01A-12R-A27Q-07",0.0517595760027318,"TP"
"TCGA-92-8065-01A-11R-2247-07",0.0517539090089997,"TP"
"TCGA-85-8354-01A-31R-2326-07",0.0517390547413486,"TP"
"TCGA-77-8007-01A-11R-2187-07",0.0516398311075917,"TP"
"TCGA-77-8130-01A-11R-2247-07",0.0515517718668017,"TP"
"TCGA-34-5929-01A-11R-1820-07",0.0514360777160756,"TP"
"TCGA-60-2703-01A-11R-2045-07",0.0514319278551976,"TP"
"TCGA-33-4532-01A-01R-1201-07",0.0514301390983752,"TP"
"TCGA-22-4591-01A-01R-1201-07",0.0514298299485815,"TP"
"TCGA-85-A50M-01A-21R-A262-07",0.0514098978517321,"TP"
"TCGA-22-4599-01A-01R-1443-07",0.0513951781007136,"TP"
"TCGA-39-5036-01A-01R-1443-07",0.0512751718886959,"TP"
"TCGA-18-3411-01A-01R-0980-07",0.0512578738527702,"TP"
"TCGA-58-8387-01A-11R-2296-07",0.0512577580947914,"TP"
"TCGA-63-7023-01A-11R-1949-07",0.0512354538014139,"TP"
"TCGA-77-8153-01A-11R-2403-07",0.051226297391762,"TP"
"TCGA-J1-A4AH-01A-31R-A24H-07",0.0512220764943324,"TP"
"TCGA-39-5035-01A-01R-1443-07",0.0512091450089291,"TP"
"TCGA-85-A4JB-01A-51R-A262-07",0.051206330796988,"TP"
"TCGA-60-2722-01A-01R-0851-07",0.0510504722519569,"TP"
"TCGA-33-A5GW-01A-11R-A27Q-07",0.0510192762248552,"TP"
"TCGA-18-3417-01A-01R-1443-07",0.0509727336286285,"TP"
"TCGA-39-5027-01A-21R-1820-07",0.0509661483234516,"TP"
"TCGA-34-5240-01A-01R-1443-07",0.0509332035996851,"TP"
"TCGA-60-2695-01A-01R-0851-07",0.050795003074688,"TP"
"TCGA-56-6546-01A-11R-1820-07",0.0507927614040326,"TP"
"TCGA-22-5480-01A-01R-1635-07",0.0507494096400494,"TP"
"TCGA-98-A53A-01A-11R-A262-07",0.0507481333098396,"TP"
"TCGA-77-8128-01A-11R-2247-07",0.050563463194506,"TP"
"TCGA-90-7766-01A-21R-2125-07",0.050555123311162,"TP"
"TCGA-77-8154-01A-11R-2247-07",0.0505459399307354,"TP"
"TCGA-22-5491-01A-01R-1635-07",0.0504737744235781,"TP"
"TCGA-NC-A5HQ-01A-11R-A26W-07",0.0504619307157426,"TP"
"TCGA-77-8140-01A-11R-2247-07",0.0504600899379818,"TP"
"TCGA-77-7465-01A-11R-2045-07",0.0504173656595376,"TP"
"TCGA-63-5128-01A-01R-1443-07",0.0504050930905828,"TP"
"TCGA-77-A5G7-01B-11R-A27Q-07",0.0504000393148095,"TP"
"TCGA-18-4083-01A-01R-1100-07",0.0503961000041264,"TP"
"TCGA-56-8304-01A-11R-2326-07",0.05039228703315,"TP"
"TCGA-90-A4EE-01A-11R-A24Z-07",0.0503817923855612,"TP"
"TCGA-43-7656-01A-11R-2125-07",0.0503332234759754,"TP"
"TCGA-77-8148-01A-11R-2247-07",0.0503155445499698,"TP"
"TCGA-52-7812-01A-11R-2125-07",0.0502224709691727,"TP"
"TCGA-56-8622-01A-11R-2403-07",0.0501877901610067,"TP"
"TCGA-66-2771-01A-01R-0980-07",0.0500207174578305,"TP"
"TCGA-66-2790-01A-01R-0980-07",0.0500086988238625,"TP"
"TCGA-43-2578-01A-01R-0851-07",0.0499949252709709,"TP"
"TCGA-98-A53H-01A-12R-A262-07",0.0499404200667647,"TP"
"TCGA-63-A5MM-01A-11R-A26W-07",0.0499118779880419,"TP"
"TCGA-56-1622-01A-01R-0692-07",0.0498936740345957,"TP"
"TCGA-56-8624-01A-11R-2403-07",0.0498632528000941,"TP"
"TCGA-79-5596-01A-31R-1949-07",0.0498538861688293,"TP"
"TCGA-63-A5MR-01A-31R-A27Q-07",0.0498376133670363,"TP"
"TCGA-39-5028-01A-01R-1443-07",0.0497736663427035,"TP"
"TCGA-60-2708-01A-01R-0851-07",0.0497500185514082,"TP"
"TCGA-85-A4CL-01A-41R-A26W-07",0.0497421021847112,"TP"
"TCGA-68-7755-01A-11R-2125-07",0.0497321307957891,"TP"
"TCGA-22-4596-01A-01R-1201-07",0.0496937252355325,"TP"
"TCGA-98-8020-01A-11R-2247-07",0.0496587850485437,"TP"
"TCGA-63-A5MS-01A-11R-A26W-07",0.0496273276966257,"TP"
"TCGA-98-A53I-01A-31R-A262-07",0.0496077468693283,"TP"
"TCGA-NC-A5HJ-01A-11R-A26W-07",0.0495987898196985,"TP"
"TCGA-33-AAS8-01A-11R-A405-07",0.0494628917498368,"TP"
"TCGA-96-7544-01A-11R-2045-07",0.049462337432696,"TP"
"TCGA-66-2766-01A-01R-0851-07",0.0493938681346709,"TP"
"TCGA-18-4721-01A-01R-1443-07",0.0493585542123265,"TP"
"TCGA-68-A59I-01A-11R-A262-07",0.0493086167558137,"TP"
"TCGA-37-3789-01A-01R-0980-07",0.0492629713887856,"TP"
"TCGA-77-A5GB-01B-11R-A27Q-07",0.0491625741113125,"TP"
"TCGA-18-5592-01A-01R-1635-07",0.0491421790130733,"TP"
"TCGA-66-2757-01A-01R-0851-07",0.0490787083484118,"TP"
"TCGA-21-5784-01A-01R-1635-07",0.0490771975707961,"TP"
"TCGA-43-A475-01A-11R-A24H-07",0.0490730156220335,"TP"
"TCGA-56-7822-01A-11R-2125-07",0.0490023046562108,"TP"
"TCGA-63-A5ML-01A-31R-A27Q-07",0.0489633938581584,"TP"
"TCGA-96-A4JK-01A-11R-A24Z-07",0.0489541094703255,"TP"
"TCGA-77-7335-01A-11R-2045-07",0.048937237708058,"TP"
"TCGA-77-8150-01A-11R-2247-07",0.0489115545024346,"TP"
"TCGA-22-1012-01A-01R-0692-07",0.0488866853895196,"TP"
"TCGA-56-8309-01A-11R-2296-07",0.0488179568752387,"TP"
"TCGA-56-8629-01A-11R-2403-07",0.0488034099403351,"TP"
"TCGA-94-7943-01A-11R-2187-07",0.0487541679583625,"TP"
"TCGA-63-A5M9-01A-11R-A26W-07",0.0487055778406088,"TP"
"TCGA-85-A4JC-01A-11R-A24Z-07",0.0486616675284306,"TP"
"TCGA-22-5477-01A-01R-1635-07",0.0486291054991586,"TP"
"TCGA-22-5478-01A-01R-1635-07",0.0485974282208777,"TP"
"TCGA-58-8392-01A-11R-2326-07",0.0485891871973994,"TP"
"TCGA-43-6647-01A-11R-1820-07",0.048543641021524,"TP"
"TCGA-56-7580-01A-11R-2045-07",0.0485416759404083,"TP"
"TCGA-58-8391-01A-11R-2326-07",0.0485203713215246,"TP"
"TCGA-51-4081-01A-01R-1100-07",0.0485141375957598,"TP"
"TCGA-34-8456-01A-21R-2326-07",0.0484949679537943,"TP"
"TCGA-98-7454-01A-11R-2045-07",0.0484517813484168,"TP"
"TCGA-63-A5MJ-01A-11R-A27Q-07",0.0484450262291572,"TP"
"TCGA-56-7222-01A-11R-2045-07",0.0483480156942009,"TP"
"TCGA-63-A5MV-01A-21R-A26W-07",0.0483321841191594,"TP"
"TCGA-33-4586-01A-01R-1443-07",0.0483208160740482,"TP"
"TCGA-21-1080-01A-01R-0692-07",0.0481841455847694,"TP"
"TCGA-98-A538-01A-11R-A262-07",0.0480617816716246,"TP"
"TCGA-21-5786-01A-01R-1635-07",0.0480296077432142,"TP"
"TCGA-63-A5MB-01A-11R-A26W-07",0.048015512090411,"TP"
"TCGA-18-5595-01A-01R-1635-07",0.0480047180841045,"TP"
"TCGA-56-8626-01A-11R-2403-07",0.0479990217795301,"TP"
"TCGA-NC-A5HE-01A-11R-A26W-07",0.0479715883268194,"TP"
"TCGA-56-A5DR-01A-11R-A27Q-07",0.0478734875899728,"TP"
"TCGA-98-8022-01A-11R-2247-07",0.0478102860030633,"TP"
"TCGA-22-5485-01A-01R-1635-07",0.0478042043422304,"TP"
"TCGA-46-3766-01A-01R-0980-07",0.0477389468405144,"TP"
"TCGA-77-7337-01A-21R-2045-07",0.0477172265321356,"TP"
"TCGA-21-1081-01A-01R-0692-07",0.0476967984041168,"TP"
"TCGA-77-A5G6-01A-11R-A27Q-07",0.0476883661957177,"TP"
"TCGA-18-3412-01A-01R-0980-07",0.047666101110264,"TP"
"TCGA-56-A49D-01A-11R-A24H-07",0.0476610871512718,"TP"
"TCGA-94-A5I6-01A-21R-A27Q-07",0.0476393786721912,"TP"
"TCGA-85-A53L-01A-21R-A26W-07",0.0476243870075274,"TP"
"TCGA-46-6025-01A-11R-1820-07",0.0476031429221421,"TP"
"TCGA-77-A5G3-01A-31R-A27Q-07",0.0475733420763011,"TP"
"TCGA-NC-A5HM-01A-12R-A26W-07",0.0474851518688442,"TP"
"TCGA-22-4607-01A-01R-1201-07",0.0474565557751919,"TP"
"TCGA-22-4593-01A-21R-1820-07",0.0474360486780276,"TP"
"TCGA-56-8201-01A-11R-2247-07",0.0474085145610698,"TP"
"TCGA-58-A46L-01A-11R-A24H-07",0.047373720340018,"TP"
"TCGA-58-8390-01A-11R-2326-07",0.0472402339765116,"TP"
"TCGA-63-A5MT-01A-21R-A26W-07",0.047232566134716,"TP"
"TCGA-56-7582-01A-11R-2045-07",0.0472206521305627,"TP"
"TCGA-58-A46K-01A-11R-A24H-07",0.0472081035519487,"TP"
"TCGA-77-7142-01A-11R-2045-07",0.047081518427415,"TP"
"TCGA-39-5030-01A-01R-1443-07",0.0470774430550526,"TP"
"TCGA-21-1072-01A-01R-0692-07",0.0470683020746471,"TP"
"TCGA-77-8145-01A-11R-2247-07",0.0469803408350748,"TP"
"TCGA-68-7757-01B-11R-2296-07",0.0469770025143728,"TP"
"TCGA-22-5489-01A-01R-1635-07",0.0469674920643535,"TP"
"TCGA-94-A4VJ-01A-11R-A24Z-07",0.0469511021235555,"TP"
"TCGA-92-8064-01A-11R-2247-07",0.0469276215416817,"TP"
"TCGA-98-A53B-01A-11R-A262-07",0.0469116314352086,"TP"
"TCGA-39-5039-01A-01R-1443-07",0.0468938806266398,"TP"
"TCGA-43-A56V-01A-11R-A26W-07",0.0468868967065083,"TP"
"TCGA-39-5029-01A-01R-1443-07",0.0468499262252799,"TP"
"TCGA-43-6773-01A-41R-1949-07",0.0468177919813323,"TP"
"TCGA-46-3768-01A-01R-0980-07",0.0467993752614078,"TP"
"TCGA-92-8063-01A-11R-2247-07",0.0467984898170164,"TP"
"TCGA-NC-A5HP-01A-11R-A26W-07",0.0467962810580648,"TP"
"TCGA-66-2787-01A-01R-0980-07",0.0467953813636061,"TP"
"TCGA-60-2697-01A-11R-2125-07",0.0467750295265287,"TP"
"TCGA-94-A5I4-01A-11R-A26W-07",0.0467716126381807,"TP"
"TCGA-77-A5G1-01A-11R-A27Q-07",0.0465986076278378,"TP"
"TCGA-77-6844-01A-11R-1949-07",0.0465419104129102,"TP"
"TCGA-77-8008-01A-21R-2187-07",0.0465275107906647,"TP"
"TCGA-63-A5MG-01A-12R-A27Q-07",0.046523646445206,"TP"
"TCGA-66-2794-01A-01R-1201-07",0.0465157971668381,"TP"
"TCGA-85-A4CN-01A-11R-A24H-07",0.0465114973828569,"TP"
"TCGA-77-A5GA-01A-11R-A27Q-07",0.0463844792966854,"TP"
"TCGA-22-4613-01A-01R-1443-07",0.0463345083318158,"TP"
"TCGA-39-5016-01A-01R-1443-07",0.0463297268738486,"TP"
"TCGA-21-1082-01A-01R-0692-07",0.0463284946984359,"TP"
"TCGA-90-6837-01A-11R-1949-07",0.0462586378845832,"TP"
"TCGA-94-7557-01A-11R-2125-07",0.0462313730133621,"TP"
"TCGA-85-8481-01A-11R-2326-07",0.0461929654009189,"TP"
"TCGA-77-A5GF-01A-21R-A27Q-07",0.0461868251662303,"TP"
"TCGA-34-2596-01A-01R-0851-07",0.0461550834103804,"TP"
"TCGA-70-6722-01A-11R-1820-07",0.0461481645315942,"TP"
"TCGA-68-8251-01A-11R-2296-07",0.0461288634144677,"TP"
"TCGA-56-A4ZK-01A-11R-A262-07",0.04604569528713,"TP"
"TCGA-22-0944-01A-01R-0692-07",0.0460380154859227,"TP"
"TCGA-56-A4BY-01A-11R-A24H-07",0.0460355896114588,"TP"
"TCGA-98-8023-01A-11R-2247-07",0.0460006547322219,"TP"
"TCGA-60-2721-01A-01R-0851-07",0.0459731382533533,"TP"
"TCGA-39-5021-01A-01R-1443-07",0.0459510122531895,"TP"
"TCGA-56-8628-01A-11R-2403-07",0.0458619689647643,"TP"
"TCGA-56-8305-01A-11R-2296-07",0.0458460253921132,"TP"
"TCGA-85-8287-01A-11R-2296-07",0.045796121143247,"TP"
"TCGA-94-8491-01A-11R-2326-07",0.0457612821880342,"TP"
"TCGA-77-7141-01A-11R-2045-07",0.0457446677056742,"TP"
"TCGA-60-2723-01A-01R-0851-07",0.0457376838641542,"TP"
"TCGA-66-2769-01A-02R-0851-07",0.0457278203286254,"TP"
"TCGA-66-2795-01A-02R-0980-07",0.0456804098160263,"TP"
"TCGA-66-2781-01A-01R-0851-07",0.0456333170436429,"TP"
"TCGA-22-5482-01A-01R-1635-07",0.0455999173650887,"TP"
"TCGA-33-A4WN-01A-11R-A262-07",0.0455795361720902,"TP"
"TCGA-92-7341-01A-31R-2045-07",0.0455394259538143,"TP"
"TCGA-60-2712-01A-01R-0851-07",0.0455139436491318,"TP"
"TCGA-85-7710-01A-11R-2125-07",0.0454564891705748,"TP"
"TCGA-43-3394-01A-01R-0980-07",0.0454274647713121,"TP"
"TCGA-43-8116-01A-11R-2247-07",0.0454265807203798,"TP"
"TCGA-58-8386-01A-11R-2296-07",0.0454108368572843,"TP"
"TCGA-66-2759-01A-01R-0851-07",0.0453480621874666,"TP"
"TCGA-85-7699-01A-11R-2125-07",0.0453372692456468,"TP"
"TCGA-63-7021-01A-11R-1949-07",0.0452585782460575,"TP"
"TCGA-85-7696-01A-11R-2125-07",0.0452395917875928,"TP"
"TCGA-85-6175-01A-11R-1820-07",0.0451696302791387,"TP"
"TCGA-66-2744-01A-01R-0980-07",0.0451472654247325,"TP"
"TCGA-85-8277-01A-11R-2296-07",0.0450682842322169,"TP"
"TCGA-51-6867-01A-11R-2045-07",0.0450140307698779,"TP"
"TCGA-85-8288-01A-11R-2296-07",0.045004073971481,"TP"
"TCGA-60-2719-01A-01R-0851-07",0.0449614003926241,"TP"
"TCGA-60-2711-01A-01R-0851-07",0.0449165974763681,"TP"
"TCGA-77-8131-01A-11R-2247-07",0.0448844635668758,"TP"
"TCGA-56-8625-01A-11R-2403-07",0.0448501984368496,"TP"
"TCGA-37-A5EM-01A-21R-A27Q-07",0.0448474670404766,"TP"
"TCGA-85-8072-01A-31R-2247-07",0.0448135954626025,"TP"
"TCGA-22-5471-01A-01R-1635-07",0.0446872188605635,"TP"
"TCGA-98-A539-01A-31R-A262-07",0.0446767893039126,"TP"
"TCGA-39-5031-01A-01R-1443-07",0.0446292683444818,"TP"
"TCGA-56-A4BW-01A-11R-A24H-07",0.0445459514199974,"TP"
"TCGA-18-3415-01A-01R-0980-07",0.0445252794765463,"TP"
"TCGA-85-8351-01A-11R-2296-07",0.0445108083812223,"TP"
"TCGA-34-5239-01A-21R-1820-07",0.0445008614931207,"TP"
"TCGA-77-8156-01A-11R-2247-07",0.0444363504928179,"TP"
"TCGA-66-2789-01A-01R-0980-07",0.0444033065438068,"TP"
"TCGA-85-8582-01A-21R-2403-07",0.0443888734557982,"TP"
"TCGA-66-2765-01A-01R-0851-07",0.0443761596172668,"TP"
"TCGA-77-8146-01A-11R-2247-07",0.0443732358182607,"TP"
"TCGA-22-4601-01A-01R-1443-07",0.0443475504162814,"TP"
"TCGA-22-5492-01A-01R-1635-07",0.0442672174840089,"TP"
"TCGA-66-2783-01A-01R-1201-07",0.0442384255037497,"TP"
"TCGA-85-8048-01A-11R-2247-07",0.0442279434869707,"TP"
"TCGA-94-8035-01A-11R-2247-07",0.0442221902279999,"TP"
"TCGA-22-1011-01A-01R-0692-07",0.0442151583456096,"TP"
"TCGA-34-5928-01A-11R-1820-07",0.0442014729353785,"TP"
"TCGA-85-8049-01A-11R-2247-07",0.0441768482651134,"TP"
"TCGA-85-8350-01A-11R-2296-07",0.0441194148012981,"TP"
"TCGA-85-8666-01A-11R-2403-07",0.0440986917638318,"TP"
"TCGA-34-5241-01A-01R-1443-07",0.0440678770035443,"TP"
"TCGA-22-5479-01A-31R-1949-07",0.0440397134869476,"TP"
"TCGA-68-A59J-01A-21R-A26W-07",0.043991467098681,"TP"
"TCGA-63-7022-01A-11R-1949-07",0.043974499281929,"TP"
"TCGA-66-2763-01A-01R-0851-07",0.043959929835245,"TP"
"TCGA-58-A46J-01A-11R-A24H-07",0.0439557869099733,"TP"
"TCGA-66-2792-01A-01R-0980-07",0.0439500753819253,"TP"
"TCGA-33-4538-01A-01R-1201-07",0.0439382601428249,"TP"
"TCGA-98-8021-01A-11R-2247-07",0.0439220599279807,"TP"
"TCGA-22-5472-01A-01R-1635-07",0.0439176602427854,"TP"
"TCGA-85-8276-01A-11R-2296-07",0.0438616915218749,"TP"
"TCGA-85-7843-01A-11R-2125-07",0.0437574793688313,"TP"
"TCGA-60-2696-01A-01R-0851-07",0.043756984056544,"TP"
"TCGA-L3-A4E7-01A-11R-A24Z-07",0.0437478463250416,"TP"
"TCGA-92-7340-01A-21R-2045-07",0.0437398827965682,"TP"
"TCGA-85-8052-01A-11R-2247-07",0.0437047820957762,"TP"
"TCGA-39-5024-01A-21R-1820-07",0.0436400335098155,"TP"
"TCGA-43-8118-01A-11R-2403-07",0.0435692190012588,"TP"
"TCGA-77-A5G8-01B-11R-A27Q-07",0.0435431865511758,"TP"
"TCGA-18-3414-01A-01R-0980-07",0.0434473860882791,"TP"
"TCGA-66-2758-01A-02R-0851-07",0.0434251159157667,"TP"
"TCGA-XC-AA0X-01A-32R-A405-07",0.0434239885622794,"TP"
"TCGA-96-8170-01A-11R-2296-07",0.0434027175434062,"TP"
"TCGA-LA-A446-01A-21R-A24Z-07",0.0433800448937588,"TP"
"TCGA-77-8133-01A-12R-2247-07",0.043377913300782,"TP"
"TCGA-90-7964-01A-21R-2187-07",0.0433471650666875,"TP"
"TCGA-22-4595-01A-01R-1201-07",0.0433236858888181,"TP"
"TCGA-77-8138-01A-11R-2247-07",0.0433127138264422,"TP"
"TCGA-85-8580-01A-31R-2403-07",0.0432990406699799,"TP"
"TCGA-34-5236-01A-21R-1820-07",0.0432849430727603,"TP"
"TCGA-60-2704-01A-11R-2045-07",0.0432640411571474,"TP"
"TCGA-34-7107-01A-11R-1949-07",0.0432606593659488,"TP"
"TCGA-21-1076-01A-02R-0692-07",0.0432327070303326,"TP"
"TCGA-96-7545-01A-21R-2045-07",0.0430973214519992,"TP"
"TCGA-56-6545-01A-11R-1820-07",0.0430124875884488,"TP"
"TCGA-46-3765-01A-01R-0980-07",0.0430039866530567,"TP"
"TCGA-66-2800-01A-01R-1201-07",0.0429554257664006,"TP"
"TCGA-21-1071-01A-01R-0692-07",0.0428283057518121,"TP"
"TCGA-22-1000-01A-01R-A32Z-07",0.0427620491896707,"TP"
"TCGA-60-2713-01A-01R-0851-07",0.0427038570965633,"TP"
"TCGA-56-A4ZJ-01A-11R-A262-07",0.0426606492806763,"TP"
"TCGA-85-8355-01A-11R-2296-07",0.0426332063001695,"TP"
"TCGA-22-1016-01A-01R-0692-07",0.0426289774046565,"TP"
"TCGA-56-8504-01A-11R-2403-07",0.0425908822324945,"TP"
"TCGA-22-4605-01A-21R-2125-07",0.0425842947307291,"TP"
"TCGA-22-4604-01A-01R-1201-07",0.0425533251152798,"TP"
"TCGA-60-2707-01A-01R-0851-07",0.0425433179552797,"TP"
"TCGA-63-7020-01A-11R-1949-07",0.0425319628958482,"TP"
"TCGA-34-8454-01A-11R-2326-07",0.0424931485562599,"TP"
"TCGA-68-8250-01A-11R-2296-07",0.0424433326857554,"TP"
"TCGA-21-1070-01A-01R-0692-07",0.0423598468580778,"TP"
"TCGA-22-0940-01A-01R-0692-07",0.0423583452128341,"TP"
"TCGA-77-8136-01A-11R-2247-07",0.0423457154257946,"TP"
"TCGA-63-A5MP-01A-11R-A26W-07",0.0423124670753611,"TP"
"TCGA-43-8115-01A-11R-2247-07",0.0423097094510308,"TP"
"TCGA-34-5232-01A-21R-1820-07",0.042249291382067,"TP"
"TCGA-60-2725-01A-01R-1201-07",0.0421930267365112,"TP"
"TCGA-22-5473-01A-01R-1635-07",0.0421363051426393,"TP"
"TCGA-56-5897-01A-11R-1635-07",0.0421274362992593,"TP"
"TCGA-O2-A52V-01A-31R-A262-07",0.0421258904386102,"TP"
"TCGA-56-A5DS-01A-11R-A27Q-07",0.0420942550399114,"TP"
"TCGA-85-7697-01A-11R-2125-07",0.0420155937882152,"TP"
"TCGA-39-5022-01A-21R-1820-07",0.041980905875914,"TP"
"TCGA-51-4079-01A-01R-1100-07",0.0419013764630407,"TP"
"TCGA-66-2742-01A-01R-0980-07",0.0418116768950348,"TP"
"TCGA-18-3407-01A-01R-0980-07",0.0416955192857894,"TP"
"TCGA-56-8308-01A-11R-2296-07",0.0416893076484417,"TP"
"TCGA-56-8503-01A-11R-2403-07",0.0416059343128143,"TP"
"TCGA-66-2788-01A-01R-0980-07",0.0415536656277026,"TP"
"TCGA-66-2770-01A-01R-0851-07",0.0414544164252324,"TP"
"TCGA-22-5474-01A-01R-1635-07",0.0414299996586652,"TP"
"TCGA-77-7338-01A-11R-2045-07",0.0414139431183842,"TP"
"TCGA-66-2777-01A-01R-1201-07",0.0413847481231053,"TP"
"TCGA-22-1002-01A-01R-0692-07",0.0413622870066851,"TP"
"TCGA-66-2782-01A-01R-0851-07",0.041362268396857,"TP"
"TCGA-22-4609-01A-21R-2125-07",0.0413065146784542,"TP"
"TCGA-85-6561-01A-11R-1820-07",0.04129172421688,"TP"
"TCGA-66-2780-01A-01R-0851-07",0.0412564761210803,"TP"
"TCGA-66-2767-01A-01R-0851-07",0.0411455695631401,"TP"
"TCGA-33-4547-01A-01R-1201-07",0.0411423776706029,"TP"
"TCGA-56-7731-01A-11R-2125-07",0.0411148283200503,"TP"
"TCGA-60-2715-01A-01R-0851-07",0.0409807674767564,"TP"
"TCGA-66-2753-01A-01R-0980-07",0.0408651242660119,"TP"
"TCGA-66-2773-01A-01R-1201-07",0.0408441056767882,"TP"
"TCGA-NK-A5CX-01A-11R-A26W-07",0.0408359678669972,"TP"
"TCGA-43-6770-01A-11R-1820-07",0.0407429467831989,"TP"
"TCGA-21-1076-01A-01R-0692-07",0.0407334825418208,"TP"
"TCGA-66-2727-01A-01R-0980-07",0.0406124969667775,"TP"
"TCGA-58-8393-01A-11R-2326-07",0.0404684790614666,"TP"
"TCGA-46-3767-01A-01R-0980-07",0.0403881176876848,"TP"
"TCGA-66-2734-01A-01R-0980-07",0.0403159343562092,"TP"
"TCGA-21-1077-01A-01R-0692-07",0.0402708528745842,"TP"
"TCGA-34-8455-01A-11R-2326-07",0.0402686309983133,"TP"
"TCGA-56-5898-01A-11R-1635-07",0.0402303607306186,"TP"
"TCGA-85-7844-01A-11R-2125-07",0.0401948255249604,"TP"
"TCGA-96-8169-01A-11R-2296-07",0.0401827876013618,"TP"
"TCGA-34-2608-01A-02R-0851-07",0.0399690781781922,"TP"
"TCGA-39-5019-01A-01R-1820-07",0.0398606124967868,"TP"
"TCGA-66-2786-01A-01R-0851-07",0.0398449349027904,"TP"
"TCGA-52-7811-01A-11R-2125-07",0.0397923579191849,"TP"
"TCGA-85-8353-01A-21R-2296-07",0.0396916897536325,"TP"
"TCGA-66-2791-01A-01R-0980-07",0.0396174749030729,"TP"
"TCGA-85-A511-01A-21R-A262-07",0.0395705401723295,"TP"
"TCGA-85-7698-01A-11R-2125-07",0.0394926228318378,"TP"
"TCGA-60-2709-01A-21R-1820-07",0.0393125997711747,"TP"
"TCGA-18-4086-01A-01R-1100-07",0.039184742387942,"TP"
"TCGA-60-2698-01A-01R-0851-07",0.0391589750330882,"TP"
"TCGA-60-2710-01A-01R-0851-07",0.0389781721933356,"TP"
"TCGA-68-7756-01A-11R-2125-07",0.0389515637507797,"TP"
"TCGA-66-2737-01A-01R-0980-07",0.038333704054257,"TP"
"TCGA-52-7622-01A-11R-2125-07",0.0378600109484807,"TP"
